{
  "Popularity": {
    "Warm": {
      "Recall@K": 0.03936696340257171,
      "NDCG@K": 0.02057682500609375,
      "MRR": 0.014927700061231237,
      "total_samples": 5055
    },
    "Cold-Start": {
      "Recall@K": 0.0,
      "NDCG@K": 0.0,
      "MRR": 0.0,
      "total_samples": 979
    },
    "Overall": {
      "Recall@K": 0.03297978123964203,
      "NDCG@K": 0.017238291416275094,
      "MRR": 0.012505721546159082,
      "total_samples": 6034
    }
  },
  "BPR-MF": {
    "Warm": {
      "Recall@K": 0.05222551928783383,
      "NDCG@K": 0.024678754797682213,
      "MRR": 0.016539808142182044,
      "total_samples": 5055
    },
    "Cold-Start": {
      "Recall@K": 0.0,
      "NDCG@K": 0.0,
      "MRR": 0.0,
      "total_samples": 979
    },
    "Overall": {
      "Recall@K": 0.043752071594298975,
      "NDCG@K": 0.020674694315923697,
      "MRR": 0.013856269499292381,
      "total_samples": 6034
    }
  },
  "SASRec": {
    "Warm": {
      "Recall@K": 0.0019782393669634025,
      "NDCG@K": 0.0007084453355265093,
      "MRR": 0.00034579938140769,
      "total_samples": 5055
    },
    "Cold-Start": {
      "Recall@K": 0.0010214504596527069,
      "NDCG@K": 0.000363847995003087,
      "MRR": 0.00017024174327545113,
      "total_samples": 979
    },
    "Overall": {
      "Recall@K": 0.0018230029830957905,
      "NDCG@K": 0.0006525353593295537,
      "MRR": 0.0003173156346838813,
      "total_samples": 6034
    }
  }
}