{
  "Overall": {
    "Recall@K": 0.027497527200791294,
    "NDCG@K": 0.01822985395457837,
    "MRR": 0.015471009373086542,
    "HitRate@K": 0.027497527200791294,
    "total_samples": 5055
  },
  "Cold-Start": {
    "Recall@K": 0.011235955056179775,
    "NDCG@K": 0.005240632732461027,
    "MRR": 0.0033821359664056297,
    "HitRate@K": 0.011235955056179775,
    "total_samples": 979
  }
}